-1.5376793823463042,-8.841236001859498,A
-9.14861078047834,-3.3976880400024516,A
-7.5117829731020285,-3.414697153560561,A
2.0896939556933827,-4.812492357673209,B
1.4169282175593334,-9.970709493277145,A
-7.276934675002385,-6.327540419055113,B
-0.7040274427261337,-8.4132954392826,A
-6.584860782957399,-3.8483593114035806,A
-2.806306151856414,-8.448878154550023,B
1.8570587472825277,-6.294817952277832,B
-2.970131133526965,-5.720651201364766,B
-9.096112555753624,-3.744446138794883,A
-3.2252109846350887,-2.337743772272102,B
-4.700000574698768,-8.152169748459933,B
-8.130606933133926,-4.7924690861434485,A
-9.534785215885211,-4.731490151833291,A
-2.851228206653021,-6.917816961060892,B
-10.725376882386108,-5.976981097567122,B
-0.4059365185434136,-6.584890979118062,B
0.9413033073347901,-10.049534844082837,A
0.9659589016634094,-6.057943522792998,B
-9.746560517039118,-3.941810785044573,A
1.167195068250554,-10.78500817457894,B
-0.6861381936354007,-9.563658365807386,A
-8.666217585003086,-4.152715352827467,A
-10.42490040642026,-2.7589098028505363,A
-7.811548230868954,-8.173853698478759,B
-8.228942068393884,-4.7948710060382105,B
-10.229468436194718,-3.2718194842912838,A
-8.644047396760357,-4.0787733161086335,A
-4.424546406067178,-9.522171527513516,B
0.22105381502094276,-8.984395297248378,A
-11.328633637009887,-0.8256456300701389,B
1.6969999891242638,-8.398213808091576,A
1.2378973905885793,-8.696902925305631,A
-9.294995735871236,-2.8341591111966222,A
-2.460410831258404,-4.953355286529954,B
-9.355496530201732,-5.537658434748219,A
-0.8011296244791619,-8.119068427771301,A
-1.4834533813971889,-7.7189800256915335,B
0.567593700962858,-9.594388598496288,B
-6.613855771458544,-4.189719247890099,A
-8.394978725586778,-3.592340492248548,A
-4.218433857112695,-12.524460029427742,B
-6.76895492322336,-8.338489127274894,B
-0.9749949462200282,-8.957357147634173,A
-8.046259512975746,-4.676070969710538,A
-8.200557800519583,-5.560013136594389,A
-8.227656248286397,-5.102610498488406,A
1.258150712966509,-10.532278617754853,A
1.2891529790481568,-10.554508841425617,A
-7.261665024928109,-4.436215052520792,A
-7.050896132362444,-7.278431287569455,B
-9.10885484894277,-3.4647075353538828,A
1.084917728783516,-9.885324007617463,B
-5.8585618095080605,-7.244573509957533,B
-4.831625731709156,-11.38190734618994,B
-9.182786782653926,-4.641604533779474,A
-2.274762555619394,-4.175276019919078,B
-4.73096949197514,-5.882098688349981,B
-3.5344183624236734,-3.6680994587338693,B
-8.313908773470311,-4.835049110268328,A
-3.1356625496371624,-2.250591314569313,B
1.109247039520323,-9.393454023666578,A
-9.694568986014314,-3.2339040634260785,A
1.726012433707654,-8.50165155120396,A
-8.899080803136139,-6.365175137335961,A
-0.3170065232554058,-8.706012252332272,B
-3.0055799050587146,-7.85879019583904,B
-2.7217529204167423,-10.707224667779382,B
-9.53012454612056,-5.41983797554705,A
-6.393594476165388,-5.872655176320807,B
1.2271656428429174,-9.285830716582913,A
-8.406145501175917,-10.773134668240509,B
-8.610714298825899,-7.420925417945894,B
1.2240700948397638,-4.4982584836134265,B
-7.425843655976896,-6.973541754731037,B
-8.387012658836046,-10.169357685952294,B
-0.6715134506881268,-4.5653958329188065,B
-12.149002777472006,-10.502874732455085,B
-9.36466635353902,-4.603606468272937,A
0.2601173335467454,-9.94408307789334,A
-4.746573358389332,-7.4902423281451895,B
1.0588176831481526,-8.182466418189167,A
-7.167588019495352,-5.923208166906346,B
-6.29295375603442,-10.95710058122296,B
-8.498336039848187,-5.406600811570023,A
-8.596289269685201,-6.323482157418895,A
-5.983658746311555,-9.94732290158694,B
-6.028747372784135,-7.887196635094742,B
-9.052019656767802,-4.440763532709476,A
-8.001439308021823,-5.866621472524347,B
2.0727734349899345,-9.031278496675743,A
-0.4323271591219777,-9.489154516530219,A
-1.0448674610142104,-6.435296557842984,B
-9.60861071811798,-3.8521540980090343,A
-8.876081734930299,-3.8328705534209653,A
-10.194379611574192,-3.6063181524940666,A
1.7018929173575628,-7.9183676239582965,A
-1.996436222119638,-5.478755251896203,B
-8.806489218992587,-4.611041883481807,A
0.0992064747418932,-10.982848700616055,A
-7.277934231523193,-4.5527704537379075,A
-10.723254057522052,-7.555993047717148,B
-6.9093791931095385,-5.71854393988704,B
-5.459593727181394,-7.415386723649977,B
-1.3522067570343927,-2.9406311807130328,B
-8.862308913672454,-5.458175450875176,B
-8.425172916458358,-10.245593432586531,B
0.2072118142791748,-3.7401324359602284,B
-8.8134638747815,-3.7822275587131635,A
4.23525658108662,-4.830458933435644,B
-4.689640489172199,-4.0500370866164,B
-9.341284082377278,-4.781687099916262,A
-9.539834003193732,-5.9462657355288435,A
0.17038155503370028,-10.55476484875501,A
-5.442854035925022,-6.3392646235698304,B
-1.381362302374125,-10.30444446788696,B
0.07359885675953359,-10.055826446437777,A
-0.143589118329413,-9.226283491951685,A
1.3776428670782483,-7.957718164974587,A
1.0100100342651153,-10.293171827113571,A
-13.896219861419944,-5.271900824587015,B
0.36343018969950025,-9.180369572827052,A
-9.87858157909169,-3.7976000199312128,A
1.1368336370337455,-11.097920066985985,A
-8.165705246326578,-6.562424373937992,A
-3.7244048312711366,-8.853803786327877,B
0.6479424820820917,-11.816955142923169,A
-7.589659957463754,-4.6402342353939074,A
-9.056415055342535,-5.556901528678832,A
0.9833456420872676,-10.808190082983057,A
0.8333673981330654,-7.577499049178456,A
-1.5695218426129816,-5.7858165218548105,B
-1.3074357416576077,-9.703930202586465,A
-3.263460657958392,-3.1342306813959,B
-8.49942545002877,-3.759235803859556,A
1.9824145362702525,-8.043680648886216,A
0.9649526069341589,-9.658420608693026,A
-4.6615103238915605,-5.878463344425576,B
-9.035967124730806,-3.9371741562788922,A
1.341526971432553,-8.432400390790413,B
-7.879103847936181,-4.177831594407321,A
-9.195427830775653,-4.708097797847721,A
-1.4194794470482974,-5.305292903940668,B
-10.648290642923712,-4.975284444474411,A
3.259264859511349,-4.566955976018015,B
-0.5533851533540743,-10.13937844688738,B
-8.361962285399192,-5.389055547540611,A
-11.042910759767949,-4.072661254375319,B
-8.899006279738263,-1.7537139188086495,A
-8.571237661811528,-5.9312898430500205,A
-1.2340872729672003,-9.828067551719922,A
-0.10076078417501733,-8.38992790491335,A
1.4028033631067625,-8.505249118738012,A
-8.84574191930922,-4.093786902158285,A
0.39762632932903585,-2.601567072274457,B
-1.3800967451031436,-5.059941610370736,B
0.009840833032156937,-9.860681885420068,A
-1.198878104248625,-9.137343420256798,B
0.656915123995188,-8.555555446205517,A
-9.7911121537184,-3.795747837424207,A
6.020158888563925,-7.627233509332054,B
-10.366138247862853,-4.099516391638075,B
1.9821632376882632,-9.226704246491513,A
-0.6602382389900572,-8.523723420739698,A
-5.3136066539905205,-8.203533728575586,B
-6.3997537497071395,-4.839183615087696,A
-5.419367518987978,-7.461811069535371,B
-7.023701122727523,-7.352212209760009,B
-10.66916307038248,-7.320297618221324,B
0.49253506431245414,-9.555166947600075,A
-5.0568209910830575,-0.4991354187827479,B
-8.623997945905575,-4.0945807594556305,A
-7.483050588870681,-9.10882507291231,B
-2.434500045107276,-9.821794404915952,B
-0.3307860008599067,-10.266316338105746,A
1.0163829755493632,-9.722752139119144,A
1.3523281161328984,-9.5107082253962,A
-0.64093439531355,-5.8522727775237495,B
0.3750571460763892,-6.934261997961822,B
-1.5508307755545272,-9.515956868575124,A
-8.524924527258767,-10.062968782250818,B
0.34508498980886515,-9.000770761944374,A
1.1019416340208172,-10.187740602918755,A
0.35266307034128425,-8.693416024547156,A
-0.705498552745004,-3.8214105966068757,B
-10.49258846586359,-5.659438627145132,B
1.2902132608523562,-9.74883920703882,A
-13.348841486120866,-4.348154068854781,B
-8.776717194531226,-4.354859140046607,A
-0.7441296377478106,-7.990250612851828,B
-3.3610873686299927,-4.992313461882606,B
1.178755179825549,-10.384926759309039,A
2.4043848462552866,-10.496185416282405,A
-13.594029819025211,-10.8346877189231,B
-6.661283579356027,-4.6391344209198895,A
0.03449337537436836,-5.975031791844852,B
0.7423398736154949,-10.61210811042905,A
1.206276406108339,-6.0077998106946815,A
1.7803045231126347,-9.049297326939346,A
-0.08380730503838574,-7.310594273650698,A
0.10673353231015109,-8.538253153678111,A
-12.088238520891386,-7.3731704250447825,B
0.46729547502864455,-9.703935494441087,A
-12.319468826381128,-4.875245470262994,B
-5.370381424195317,-10.167528748583102,B
-3.9203066622744145,-9.15275979121671,B
-6.779755345222359,-6.71773496403617,B
0.41763476911369257,-9.968739661205383,A
-8.18828782929181,-5.706062559087601,A
4.358633301751107,-5.9112126908895934,B
-6.210755365590522,-3.2665617225279453,A
-6.12631041655498,-6.899404765927229,B
-7.403639522149863,-4.8469508634716885,A
-7.2305191051651345,-4.8974348789072,A
-7.009701514562649,-3.967919007761413,B
-0.3458904411780115,-8.122716773837036,A
-6.270701599842933,-9.170220651277376,B
1.8356250450844378,-5.997006787751614,B
-6.228480816142405,-5.790475283649219,B
-6.36263640722359,-3.017943685439216,B
-8.091486858967777,-6.982037959368498,B
-2.81705986619166,-7.680454324737568,B
-11.787913900855244,-9.384357554922207,B
-14.267917535322379,-7.647008760763125,B
0.26933266676915957,-9.481293622251366,A
1.8135565178571396,-9.561645860510506,B
1.2038319046330843,-6.999677529570799,A
-8.289319290390692,-6.60799042037468,B
2.131548628687203,-9.233327810741393,A
-9.594698931840869,-5.180290787792387,A
-1.7020693035743335,-10.445655504516278,B
-0.7860714420013593,-10.817581054257857,B
-19.69651182160392,-6.204330194556852,B
-0.9802773718558682,-9.302163414680203,A
0.5741489396791584,-9.852091245903381,A
2.5399192752562403,-9.726320103195198,A
-7.769318990497347,-4.448799134841902,A
0.08397865433279555,-7.632938127596608,A
-7.623677416762119,-4.211739378433157,A
0.8165184834174173,-9.316209251868864,A
-8.424304367586558,-3.444939870827624,A
-7.910109970085502,-9.204236642926197,B
0.3392080445625023,-10.06057832945746,B
0.5805775387653747,-10.158015231082643,A
4.655575039436702,-6.7573271643625406,B
-7.803065073890263,-3.8112207612185123,A
-0.5313481360054937,-9.40969115167587,A
-8.26249224272011,-4.392673492058324,A
-8.685372984127767,-3.9553346713039774,A
-9.796455008007353,-3.6848950157265725,A
3.794350548210841,-9.233041461794,B
-10.677371996915909,-10.097452460158042,B
2.700472838090943,-10.025246487339196,A
-1.592200387107901,-4.1327253014536804,B
-9.007329660357751,-5.952248288101166,A
-1.9074119204345577,-3.1571735671269727,B
-7.382779595738505,-4.964781805808617,A
-3.1415350970136524,-7.640263018537979,B
-1.1814073956705684,-7.926180591566655,B
-11.888035866659346,-1.9881725148836304,B
-1.8922747539666713,-4.629497254095747,B
-4.577526097478982,-5.670212545240045,B
2.2533006121065924,-4.591416674386045,B
-0.9842887187136884,-9.896414382873019,A
-0.989188611098319,-4.520575071367955,B
-0.5342238059369491,-8.8502353470716,B
-12.469389113683798,-7.055447791181467,B
-0.4798036553325674,-8.4038773046239,A
-6.791410605411014,-5.993190956448868,B
2.592230501420724,-9.690364585283199,A
-4.113498639250878,-12.047028454552565,B
-1.557796032410439,-5.05126856214538,B
-0.37356669763361805,-9.333822960693523,A
1.1839502525000043,-9.915173268331598,A
-9.514776472915335,-3.753640216373646,A
-9.93220475284345,-7.149947040431634,B
5.963870485354372,-9.136742874713025,B
0.0640966350229698,-8.775180172375322,A
-8.246600117639224,-4.524826814831287,A
-10.472838454986043,-4.802238272764319,A
-9.126268132664954,-5.119233545662974,A
-4.979060192413523,-8.131511701694723,B
-15.33708578930535,-6.58806138943018,B
-0.9383640666084174,-9.93686250243866,B
-9.00297464214534,-4.620395082866604,A
0.5785949260139757,-9.195501536721794,A
-7.916750652665528,-7.2791651434793625,A
-0.10959732069663486,-9.354078386679188,A
-6.02291962513482,-3.5167947884439563,B
-7.798497149088076,-3.706282706903735,B
-1.2872218028308087,-5.903301571952361,B
-8.431373014822444,-5.118953686405307,A
-9.49913737775386,-5.751634077008882,A
4.443006825587872,-5.279110112579773,B
-0.8327727716422759,-8.463735053044928,A
-8.110309965342251,-5.2301472190276685,A
-3.9490423816028404,-7.644286264623051,B
-10.031728263349406,-4.123801327603692,A
-6.773776767850202,-7.913036170337028,B
2.149362184814949,-3.013153053366252,B
-6.315818912628515,-5.242528140981948,B
-0.2586391204056193,-9.154545501517,A
-1.312762632718095,-7.2892711696017685,B
1.515257922747667,-9.559585815036092,A
2.088449063511117,-4.084992588146484,B
-11.609355031569704,-5.005968378925981,B
1.1256223352679369,-8.119371376169568,A
-8.633109985408925,-3.946409379780496,B
-8.359916544707936,-4.54588009983202,A
1.0698639250879343,-9.56112018998429,A
-9.648552180285177,-4.450458614169796,A
2.730589759061103,-11.898864897169034,B
1.4929916268305095,-8.589687352365138,A
0.15300134029383283,-9.85566691852976,A
1.4069101943351194,-8.646912700933516,A
-5.7350289483156365,-5.230229445256945,B
-1.9045906315129035,-9.993550649776076,B
-0.7793090805392231,-9.033427134897645,A
-7.694789453013341,-3.957046220881498,A
-2.2122283447602142,-6.606725636526468,B
-0.5138692848211144,-9.466673172746754,B
-3.9153528033107023,-7.686080886528709,B
-9.713328459760792,-5.397888743859117,B
0.7063020312933694,-9.059666671514234,A
-9.309666423295077,-5.314347475622671,A
-0.7088357951649216,-3.5347876124624045,B
-0.33917993270203173,-6.313163532682941,B
0.9799738899797559,-8.944465482187304,B
-4.965017642440844,-7.244093100633136,B
-6.772344213974257,-4.711161285026406,A
-8.89307789744874,-3.900027028946398,A
-9.747687465236526,-5.626578798935535,A
1.0656340449374762,-8.072568364497572,A
-10.224449147238436,-4.376460179487107,A
-11.298362582992642,-4.203512667232996,A
-8.505551786187477,-3.5161531774766495,A
3.62737275495211,-4.588834936949348,B
-2.484732019182161,-4.802390401954819,B
-0.22224774460807162,-7.608184232978404,A
-3.6958959276655197,-10.008392904831274,B
-8.761073639619271,-4.27393283225479,A
2.7270138945785316,-9.120231026176485,B
-9.77639541516899,-6.333671516187181,A
-6.74501576388494,-1.8467441618063827,B
4.460186075176347,-6.240086382866183,B
-7.436551814944972,-4.848198634437526,B
-0.5219531578925958,-8.688497466227709,B
-7.768561272649913,-4.3162249092027185,A
-11.590600804693523,-5.833083347698782,A
-1.0477221170032947,-8.993643658172479,A
-0.021837495760332892,-3.6689468731076125,B
-7.9894826279477655,-6.358884940599568,A
-0.315696107381106,-8.8305681584415,A
-13.599290278455541,-11.370319073767245,B
0.7015198719295307,-8.813463311051594,A
-3.3976998478620444,-3.5844527932784533,B
-11.292054230143604,-3.4244034489173205,A
1.071197379612719,-7.828340654786679,A
-8.885618966868305,-6.7433387503347735,B
-0.9691301372004375,-6.147922183094792,B
-8.602306435450055,-5.693290256914123,A
-13.581001010185503,-2.9591393839485267,B
-8.837615727773947,-6.350626509296221,A
1.4177217887716012,-9.251433709948683,A
-0.9652204602240508,-6.78382351688122,B
-1.5090478471428428,-9.279855126189425,B
0.2205065283559282,-8.05242451162674,B
-2.180813628202233,-5.051169554601493,B
0.023786200911589617,-10.968070127571707,A
-1.9070461289899705,-3.518071573656575,B
-7.813643447006906,-4.942358613643337,A
-7.945292455250592,-4.420321763595462,A
0.1657917571022996,-9.723470033828555,A
-8.688746050102747,-3.1497051551077972,A
-3.0659927093339547,-6.6823152039039115,B
-4.714827004558605,-7.633924286301535,B
2.564879188929223,-5.158490088423504,B
-7.915250473877366,-4.795193280721289,A
-6.700847307447644,-4.431636261635884,B
-5.13462646314753,-5.34980140119706,B
-10.740721296102194,-5.555546685566735,A
-11.086386831993021,-5.309936391125458,A
-7.682439138139862,-8.619985108163315,B
-4.954997232727954,-5.359442964885777,B
-7.280924512030721,-3.213078665642713,A
-0.935925872692704,-7.798763985495074,B
-10.237716338525269,-5.709777466234986,A
-0.2777723680726959,-8.340573123435401,A
3.6044738322404015,-7.835403164102589,A
-7.170459008515178,-4.364258341355487,B
-8.849091183683434,-3.4888231874102336,A
-8.333331165800347,-2.611783650046062,A
-0.24696901148543393,-8.21001579274757,A
-9.694159360434654,-7.66255118110611,B
8.499985254606075,-7.069413199360699,B
-7.40363911238606,-7.861798827998126,B
-2.4931000254910995,-5.696260626414126,B
-12.28532864719668,-4.1006932037140675,B
-7.077370761513326,-4.557456080201398,B
0.7255225092218374,-9.679590947810786,A
-1.4115562828115538,-3.5219794169009853,B
1.0646458984987737,-9.247097771596788,A
-8.758590405107686,-6.026735773888332,A
-8.630391982490513,-10.702138138858718,B
-9.61088623843692,-4.528692601215943,A
-9.977395698752787,-6.164792636136536,A
-3.6434821480066084,-5.597936852092141,B
-5.019105941925364,-9.481321119646699,B
0.02768686965633438,-9.87883066878532,A
-2.4070755845114604,-8.800419734911351,B
-0.4112586311680513,-8.121708244200201,B
-7.280582312760849,-13.52351485273247,B
-6.488440059608834,-9.922377329489452,B
-8.843105156567066,-3.9155212324169137,A
0.5588718966403086,-8.613344317355764,A
-1.9510903897267076,-10.061159744021095,B
-0.27274122609510243,-9.88419227803431,A
0.6706649403701483,-7.340192197045027,B
3.0459905102971883,-4.627475242675921,B
-5.346643427558236,-5.518336726032992,B
0.4851352512985361,-9.391118120899304,A
0.9850027442853927,-10.543485713858399,A
-0.03334050738866878,-9.090714404684151,A
-4.202443739464091,-6.458252962643931,B
-8.786381104421231,-4.646935600953489,A
0.5942447104514125,-9.479012425959533,A
-8.236226372101111,-5.112261880070586,A
-0.24962771092876135,-10.521973827598783,A
-3.456687780226322,-7.0273808336920505,B
-11.97037728899358,-6.702871036410322,B
-2.1142486413123076,-2.363847506131621,B
-1.3846087518008687,-0.2784306089025934,B
-4.9519308289185595,-6.698087871605932,B
-0.47822635978454375,-8.518208605606658,B
1.461025080641647,-10.33412464486251,A
-1.5244672092569798,-7.264583802031748,B
-12.323029926653943,-8.076507282987023,B
-10.738971882346164,-6.9850556112709015,A
-6.347461280015279,-6.764966839966332,B
-11.799331001800333,-3.5696015464792894,B
-8.513315423378668,-4.2594737889193315,A
-10.609585290971527,-10.581558903326968,B
-8.14721493953087,-5.652085695160608,A
0.9396352464352351,-8.840516888000469,A
1.1283550024034783,-5.171698942132525,B
-3.1790700232130713,-7.265042093036323,B
-1.9219665324027013,-8.246654039879818,B
-5.086410552861437,-5.726912672625406,B
-0.9806972583598101,-7.222999287535909,B
-8.74829194015402,-4.547622788878942,A
-2.469299156075156,-11.20617565844909,B
-12.875151245159318,-4.302690337287272,B
-0.2937939596605388,-8.820325169976723,A
-0.5739124987188844,-10.08922603908331,A
-6.341294987262957,-7.646927302738686,B
-6.7608803000061926,-3.707998841478033,B
-8.939152978938745,-6.71156663487521,A
-9.581193977657843,-5.841585584889532,B
-9.920534373150144,-3.782499697303555,A
-0.04208371335810129,-8.398598927959146,A
-8.255510422874014,-4.855482235755318,A
-0.7244167461218403,-7.284193718557131,A
0.13704772855214165,-9.121157195672314,A
-10.489032819540608,-4.471670719563363,A
-8.833821305679395,-4.289567770506263,A
-8.411984350859626,-9.205186525038787,B
-9.313928323768343,-4.901234523147458,B
1.8814028786136925,-7.933347199938265,B
-11.854911595346888,-7.030064893847565,B
-1.5373038566646673,-8.52627808413351,B
6.543863371364116,-11.473935897264417,B
-1.3196759706542789,-9.652501248851692,A
-5.994736663176672,-8.634908195275516,B
1.2908829010812797,-9.729238055014127,A
1.461121998675529,-10.30358815292419,A
0.6537417584012664,-3.5450047387732155,B
0.8337191954939376,-8.75555624841624,A
-1.8126059707430566,-6.6843332938307976,B
-4.1907508937707,-8.146845161308859,B
0.008417514317477448,-8.402295800806474,A
-3.6320173421059043,-8.446224720422558,B
-0.46772789489297883,-9.167967893144446,B
1.8143682570844182,-9.809951305221817,A
-13.451954107509097,-9.543911122695498,B
-0.21880489613517684,-11.020083579520712,A
-8.920256462222394,-4.05347343704879,A
1.1860777585574893,-8.397056445845731,A
0.11543041407523269,-8.341173908089258,B
-4.151236603725292,-4.516630306469812,B
-7.763894463672332,-4.09672165854177,A
-8.513232642465816,-8.096719818053046,B
5.495237064484742,-1.8256273241348984,B
0.9437866126991055,-9.324327434761045,A
-7.2044612585159005,-3.247395331026752,A
-9.072104496415312,-3.5943973911797884,A
-9.29929511274813,-5.1071938310013705,A
-1.7353227308981092,-9.347439094229372,A
-8.745847436861844,-3.627025545046137,A
-0.5609879261621186,-6.193976586766352,A
-5.9734273527186925,-7.982569421567398,B
-12.154363714313945,-2.8421101503425668,B
-0.2497712449966456,-6.156841398884841,B
-8.060594158176158,-8.42406129674483,B
-8.824536505576111,-5.527870305891515,A
-2.785390463174867,-10.936407381788918,B
-8.924152042731334,-4.671433054539532,A
0.8060517214959313,-10.263312475872924,A
-10.81617537330246,-10.069984139632362,B
-8.251881671440598,-4.034525695237832,A
0.8662078125245773,-8.529613419552476,A
-8.71893046901721,-2.850549040517338,A
-0.531701740497768,-6.9419841352335485,B
-2.052143211585801,-4.007372987710786,B
1.7788896808598202,-8.337133961440223,A
1.121568536895455,-11.179315987326436,B
-3.4629415860064388,-3.4513868179656284,B
-3.9786977936134016,-9.751578374725142,B
-10.587105512547877,-3.456005595922613,A
-3.143426816853624,-3.9347403902739564,B
-9.263996981410205,-2.623597551121538,A
0.3737579989862764,-9.434948154506532,A
2.689628689256028,-6.735203989574658,B
-4.837434077156328,-11.43709314189939,B
-3.874358843687612,-9.085123577016976,B
-0.16803070294063804,-4.9517147746555965,B
-0.01166481480764936,-8.316744063680407,A
-0.11056409159375857,-9.090249805509876,A
-9.172439528573909,-3.8686582886710825,A
-10.463248042696872,-4.085505500885398,A
-8.337823395895642,-3.8032322307291047,A
-9.832822820204287,-4.958623034669611,A
-10.438212473737329,-3.705867567691584,A
-1.2223314944686692,-8.665882185917013,A
-0.645110965576853,-1.9641533298890748,B
-13.697695320552036,-6.825501118918936,B
0.22894737387359876,-9.558911855727706,A
-3.801022689818885,-6.7697198912887995,B
-10.827010684041287,-3.7956480239610855,A
-10.564645473362681,-6.259676744030196,B
-9.673899939613737,-3.9605249136812333,A
-1.0400096191926513,-6.920444697827803,B
-2.9731741732012464,-8.691267970211754,B
-3.0414184332771956,-6.009865823272879,B
-9.112048479795028,-4.606058676876568,A
1.1925874995370678,-8.30254718126913,A
4.511303908362359,-9.501014479357801,B
1.8925987929738257,-4.289632342656142,B
0.18382875285708344,-3.3548877051659804,B
-8.405520614740315,-4.7999242128994,B
0.1698515801189372,-9.289992575280925,A
-10.328035629766601,-5.104912705573835,A
-7.983768909530352,-11.79979551647654,B
-6.1109551593596745,-7.3205359522389575,B
1.6173033894747697,-8.516779676931748,A
-4.355063379396998,-7.028729218400321,B
-8.907459438554973,-4.086164514006028,A
1.6284069580737697,-9.377551534804104,A
-6.821680027584421,-9.402866987984666,B
0.7249805378760432,-8.766942248117779,A
-8.691491829339256,-3.8243611167897473,A
1.440230542886572,-11.389244940879681,A
0.6751463417507345,-10.59028819626949,A
-9.28650509450625,-5.332015473521979,A
-6.769625980817512,-6.865433595270893,B
-13.341592288403374,-10.196208751003038,B
-9.465607256608902,-3.9601480789365224,A
2.5026422838537217,-7.7402489962136265,B
-5.158987186035015,-8.632180265744799,B
3.5220201054723947,-8.686737570934827,B
-8.055132119082945,-9.391648305206784,B
-9.859496652543587,-5.669463470407388,B
0.045013991486452964,-10.62620401772119,A
0.02636541410037524,-9.659641193691515,A
1.9968068637129601,-7.836384877145173,B
-7.96689793257396,-4.720075188803481,A
-9.735306983889396,-4.193313141395513,A
0.526329106275028,-10.077551291695434,A
-3.702281323057372,-5.171921750068643,B
-8.653379433053408,-5.991222382985125,A
-2.7795934226771983,-10.574685725725393,B
-10.003959659310844,-6.175157066751834,A
-5.848084383862456,-6.286423139834917,B
-9.21250148717026,-4.429951147680421,A
-9.291547216245672,-5.776098454940266,A
-11.800109901864037,-4.7718596717927895,A
-7.35551453863491,-3.8424579214714907,A
-0.9982570444607393,-5.59147765366553,B
-3.21933697083501,-5.749160715414827,B
-8.292443612245346,-5.607858531629281,A
-6.585290258010916,-4.150147484715286,B
2.049669928545657,-5.077529730655896,B
-9.562274726918153,-5.557438224465277,A
0.9378557970510625,-8.744284717721301,A
-8.288304259318267,-7.74543746734787,B
-9.864769386751025,-6.096606978469994,B
-0.35370035011928735,-9.73353944035416,A
0.899319976764839,-3.748853297303308,B
-8.147479466299016,-2.742597852631693,A
-6.715611443722524,-2.237702911669894,B
-6.788235893158728,-6.369758918068705,B
-13.957516577586857,-3.903305447744751,B
1.5845959580417084,-5.718151420106066,B
-0.1624463610613871,-2.2994733706599586,B
-1.0073532713625402,-7.556391647401732,B
-0.4953684638667859,-9.82912889372661,B
-13.280464709801596,-2.771396112730277,B
-2.594947652679031,-7.43702105045124,B
0.2335277018773132,-9.494489871341356,A
-4.63818835478023,-6.4093943658165475,B
-4.183520191199392,-4.30677494502989,B
-8.52570597598923,-5.585181920559023,A
-8.169115523260325,-2.663037712765946,A
-11.824117549081564,-4.296973291275469,B
-8.444124807423615,-4.879906754244022,A
-6.156000463426508,-6.15383609390326,B
-8.047485598458392,-5.835185172878901,A
0.5794898466297234,-8.454755765814658,B
-10.056807265324402,-4.868415464441204,A
-2.0435102874731186,-7.01613475019767,B
-7.311234038949111,-7.794227363497795,B
-7.560511069059274,-4.390368426925086,A
-1.6928054684678608,-13.492752567393385,B
1.7331342424815963,-8.636725183251572,B
2.4677441897333834,-10.819704306830916,A
-0.6575092109276226,-5.884629250036723,B
2.8201745141402466,-9.686669555257321,B
-4.045897629027276,-7.69609697493366,B
-3.6530495818615814,-7.931251058452139,B
-2.408941450305326,-6.30255362498667,B
-0.05984050245831607,-8.66597349589702,A
-9.944247334820382,-3.9749170630980273,A
-0.9910404961907906,-6.5623465433656145,B
-9.840871546700987,-4.89570762146882,A
0.5714554751093104,-2.729571745093372,B
0.9215944799028356,-9.308290094163436,A
-7.736482927850281,-4.125334101967546,A
-0.6072951026245397,-10.911199307165543,A
-1.7850434511463065,-5.1684179160313715,B
1.5186007532526848,-6.940511127891131,A
-8.148946061374307,-2.258661739893535,A
1.3424929217008283,-11.861848125971143,A
-8.246313186342084,-4.553619932617103,A
-5.315068558065857,-10.843566700225308,B
-8.675264652802,-4.625403664616528,A
-10.33463348344235,-4.578305717068923,B
0.16660951836464855,-7.977179315615503,A
0.2732057197442223,-9.958598235854833,A
-1.7159194059778868,-6.70144673670109,B
-0.4679193277415592,-9.601311622708621,A
5.59223582803047,-5.736971923669903,B
-13.584443578711664,-9.103171604234777,B
-5.560386009023857,-10.788846881018307,B
-10.659769673235136,-3.779960949876344,B
0.12933787821928283,-8.534208905733935,A
-4.355337653266437,-7.017627227679691,B
-0.0028852191113901693,-9.905764257981046,A
-2.204682990241638,-6.377732020200015,B
1.876994554562617,-9.041639601467967,A
-7.288113105101534,-5.23789634286545,A
-9.566954660045251,-5.117655130473219,A
1.685286606928324,-8.22447454464547,B
-9.428406059378467,-4.050643659506551,A
-5.286071781014929,-5.313483218114302,B
-1.6538195096698867,-0.8524943847847357,B
-6.074030040864133,-3.1195550121417583,B
-8.950843922023498,-3.595047438254119,A
-8.939529717327787,-4.656411168637074,A
-10.026458771416959,-5.790055008243065,A
2.468571248484941,-10.737161377793004,A
0.6331375094194711,-8.245680364802197,A
-5.218375239442364,-6.204867046970943,B
-8.559296495682231,-4.392953419216547,A
-9.222430026445261,-5.3463302790742535,A
-7.500242869315728,-9.12485030362475,B
-8.008459105069946,-4.804333107634041,A
7.517257198412812,-13.163921289097766,B
-9.020217600751486,-5.628179145505579,A
-4.586200970174392,-8.558303516073355,B
3.0750395079456014,-6.100814835254762,B
0.9792315020114968,-7.769718931070664,B
-8.17113561865602,-3.539900596425474,A
-0.9951172236104404,-9.630103629254322,B
-3.2292010868828847,-10.286001008472352,B
-0.44991229262904886,-7.650027983991179,B
-5.78934348077344,-3.7146906297611593,B
-1.3128533357664098,-9.642930062962236,B
-7.817263433859015,-6.7055609764666535,A
-10.049318540214268,-4.672735232750873,A
6.678235651131132,-7.727648228925267,B
-12.718060422292156,-7.4892573384098275,B
-6.859934834984669,-15.951454073563331,B
-4.502449206361639,-9.472743130140023,B
-8.25184316305824,-8.785871932853619,B
-0.7936724384540417,-9.34740931858347,A
-6.035057708824215,-6.876452427906774,B
-4.470416331651027,-7.96443877617552,B
-15.915225938045882,-7.880238034188839,B
-9.880038544814811,-5.485409607052298,A
-9.529125052227403,-5.082312356303992,A
-0.4036314568320165,-4.352027077958198,B
-8.713931255088816,-3.3208615701281734,B
-9.705583231615622,-3.8489699908891706,A
1.1057409574505863,-4.693910116353435,B
-8.829324223004717,-4.160601013219902,A
-9.144415981487047,-5.085165556616464,A
-8.835124441728102,-9.41993118157103,B
-9.77254843552242,-8.34785159644387,B
1.9033580114497513,-6.299823835254683,B
-8.695182948610174,-3.6509141271959207,A
-2.5622489265121517,-4.635732341564907,B
-0.8964579645455211,-9.189854837020123,B
4.987201354134189,-7.146406241654321,B
-8.703012771357644,-3.367539422873303,A
-3.422787634255534,-7.610197300849618,B
2.3748029667526653,-9.284875030393563,A
-0.7406307704076192,-9.61631364811288,A
-4.703489360694256,-5.613894266011172,B
-0.0004910242498820661,-8.945005421677852,A
0.893590156247537,-9.295443675996832,A
-8.158533275618707,-4.569708783777201,A
1.8995209129692663,-4.4224285411922235,B
-8.718876481169268,-1.5002353626169724,A
-1.0526063121957323,-8.636378516036784,A
-7.450532756174734,-6.005811532698383,B
1.3850129415230186,-10.495219177506913,A
-6.881658543419519,-4.594905918723131,A
2.984088157553334,-4.0696123813306,B
-1.879568731399976,-2.7069015818901434,B
-3.505920973142856,-7.109591049379333,B
-0.8574396134279327,-6.184060874995235,B
-10.206133658900715,-2.978352173822669,A
0.0015249884004056025,-9.610836702526672,A
0.3736491506277225,-9.919434291312454,A
-4.3589766810393655,-10.206740951829378,B
0.8212669350557784,-8.582776888025434,A
-1.3923016183909058,-8.71354795315046,B
-7.28146401604229,-5.335052679517997,A
-11.886725327389213,-6.902414455352659,B
2.3821853614526605,-9.644967641567035,B
0.7488778006508371,-9.68618147879248,A
-0.30687611315852314,-8.92320756644462,A
0.4516116783626366,-8.630735387039646,A
0.12993944376885513,-9.2187285039417,A
0.8216143752996493,-8.89839191845237,A
-8.383931044321578,-9.673808854127529,B
-8.495499668754324,-2.790143352991807,B
-9.558387137811133,-7.478027660356601,B
-17.576016980617503,-7.171320970358694,B
-7.990233905936359,-4.369873675429182,A
3.293517104903552,-4.579159423669147,B
-7.136697905986134,-9.164460049730165,B
0.40716868711508586,-10.329328712680889,A
1.2886196996044843,-8.697701537597744,B
-11.877557566087315,-10.50867344939825,B
-8.027680979674114,-4.489518156453096,A
-8.332851848480736,-2.3027073909305678,A
-6.9723561318061815,-7.416286824917693,B
-9.629329905574908,-4.080909167022945,A
-0.5256377290136851,-5.09998429439174,B
-8.668671854785948,-10.142617291055165,B
0.2611164932511044,-9.99811188756852,A
-8.467564395961544,-4.638394417683689,A
0.7896570834557846,-10.803120074290309,B
-4.0964990120510585,-15.02040067644288,B
0.7374624103528062,-9.602622258541173,A
-6.579172562791258,-6.77932902252703,B
-1.3887576843864466,-8.283408864988488,B
-0.09380811498675345,-8.335486610765114,A
-10.701539108781246,-4.49204404302681,A
-2.7369717329991197,-6.127709945193523,B
-8.436345179031372,-4.954914833630134,A
-8.49673857628051,-3.795597410023432,A
-0.5876537828474582,-7.650328900183675,A
0.7442012875024229,-8.762659258382037,A
-8.01067021662063,-4.5379145447998885,A
-6.299213617488379,-9.640702149561164,B
-7.167984732363715,-6.1122144142824775,B
-8.736334433042583,-4.432727271533241,A
-9.776845702258269,-4.440212649293291,A
-0.5386647052514278,-10.567101847096817,A
3.4165439949871823,-6.4918825099931965,B
-15.628845095847442,-6.078534212117747,B
-0.31578815160283924,-9.436835654233601,A
-9.529973309091089,-4.505306253182594,A
-10.075057687694528,-3.3877382518151338,A
1.691619018660181,-9.272997619202581,A
-5.965567899451216,-8.024838029250386,B
0.4948142761071077,-8.44007415279895,B
6.392054469647084,-10.156403222369793,B
0.6604276793513915,-9.325023142440095,B
-1.9049926173256684,-3.1924705335530477,B
-1.1199784099198034,-9.684154205073847,A
1.3423572793905887,-9.518765717908575,A
-15.649689614065721,-4.7333107632323195,B
-0.17157124066917384,-9.358676318533197,A
-2.380802402727504,-10.085605012440494,B
-0.5605566144196832,-4.619825352891827,B
-8.505360531547568,-7.218510998977207,A
-7.719526691172711,-3.4411416217770316,A
-9.139186472424997,-3.042375647049293,A
1.0109720193949419,-9.899914783621686,A
1.7546427379694538,-9.351274009285921,A
-9.854100481818952,-6.267224052797699,A
0.4888087057940138,-10.023423762264903,A
-1.1407184837626132,-5.49415963759599,B
-4.564274664107759,-6.05690895818425,B
1.021051292966116,-8.67730192811751,A
-4.449254799248255,-3.3460685550953535,B
-8.31046683995518,-5.166383731192384,A
-0.3581162733773148,-8.74461152706517,A
-9.556034517226248,-3.9116083312378755,A
-9.483185031006174,-6.1393424148780325,A
-8.151562325966761,-4.243392426494602,B
-7.3114577173529955,-7.598886594946559,B
-5.908279235785601,-10.18404417016308,B
2.0670397858930736,-9.948063660217201,B
0.7728115778946161,-9.92257670049619,A
-9.942748959656324,-5.6780452343285175,A
-9.75583482641957,-4.176727711896933,A
-10.749903589748488,-10.16994536260445,B
-8.441714573662091,-5.202364341883201,A
0.8211004488364464,-9.848030028733225,A
-1.2633344810384675,-9.513470299636703,A
1.0822424330190428,-6.338654707182968,B
-4.765083984700586,-3.0086086357646553,B
-6.633249219648048,-6.760842057570651,B
-10.013728807946434,-4.017425315062407,A
-8.265271194930268,-8.568255755658408,B
-9.32532173876156,-4.144936642480169,A
-3.1171359114728254,-8.567234431651363,B
-0.8771216275759046,-9.33089314615105,A
0.348444198726253,-8.381918211828504,B
-8.857063480635855,-4.827939543518335,A
-9.186152313936343,-8.379875687810603,B
-4.11963484832615,-10.903558356859644,B
0.19639612667465078,-9.430720405233979,A
-3.0679020034498086,-5.881247450801975,B
2.089080860808715,-1.5592686148332824,B
-1.1729932046704659,-6.068105962566713,B
-0.5792739327474745,-10.354488084745958,A
1.8479888927341412,-9.053535463824131,A
-5.985796197366501,-1.2190977291271539,B
0.002667505127193104,-9.042496951060436,A
2.4340933134175113,-9.411503127769079,B
2.241856756840999,-6.093424046506528,B
4.153725139975396,-4.080319743511545,B
-10.488634918134888,-6.612148372099438,B
-9.726881815219441,-4.830942326679975,A
-0.579617790551527,-7.62157253056339,A
-7.980245862960286,-5.2210619383093215,B
-1.0246471778419932,-9.378588391376148,A
-8.745326506918838,-5.04523230027016,A
-6.12827186742496,-6.140692523979124,B
-3.5050498614032826,-4.919060957982376,B
-2.451365846375902,-5.703993251687203,B
5.852896863940993,-5.154511878051797,B
-1.1176963326034548,-9.040366084287315,A
-1.7519239779870621,-2.0874492790086316,B
-7.427587763930264,-10.410473355026818,B
-4.637882292050442,-3.2218103324288654,B
-8.497234525909606,-3.685726390857925,B
-11.736227264006299,-5.379690421071762,B
1.4273076567490677,-8.859122348847395,A
-7.914053831005341,-2.9391430176476936,A
-9.089607195444755,-10.489421672642324,B
-0.03732870657539189,-6.378792485017041,A
-8.969614852417,-5.004775650039633,A
4.13939077079665,-11.157504903727634,B
-0.6749654719235869,-8.058206616851658,A
-3.757649690713693,-6.769621241358664,B
-0.7216183399190046,-8.61020665753316,A
-1.7391155322119523,-6.391224177986124,B
-10.903260077916267,-8.491137532075241,B
-2.0387272976210125,-7.250624629810978,B
-9.321434798147864,-4.1698678119163235,A
-4.759142478988507,-5.021734011162607,B
1.4405930768042197,-8.816970821168018,B
-2.284896381393903,-5.35155225643673,B
-4.992211959977264,-5.592668060739045,B
1.228994567967761,-11.914836626542709,B
-8.445500832870868,-4.221943345211744,A
-2.2739433346901032,-10.018829936257106,B
-0.08004192330970206,-3.862112956152101,B
-8.391409232067762,-5.312352999270049,A
-9.30699052883107,-4.703265667868263,A
2.171157655002621,-10.271615719262398,A
-9.48059523255573,-3.714481144280082,A
-0.16185949836150304,-8.445930730488367,A
-0.16679245856542213,-8.433935493007436,B
-9.46757803331171,-5.39042175077097,B
0.6802024205763075,-5.454948850533572,B
-0.5424908034425808,-2.8198472711833302,B
-4.277742604295896,-5.235810536130212,B
0.2426090241954829,-10.174584364984037,A
-0.5975378068022472,-9.270449164683974,A
1.507010787203216,-9.709517078288581,A
-4.443684972395135,-7.394544182576298,B
0.1081934369161971,-10.531123413285814,A
-9.818117049823753,-4.044348771194283,A
-14.915549877722672,-7.040651305795308,B
0.5425633211219378,-9.585146637077731,A
-0.027749766602957027,-8.487107509409658,A
0.96254504846083,-8.193511361230753,A
-3.069787834000326,-5.4535691663899994,B
1.2666447809024317,-8.849208404301908,A
-9.71573517462648,-6.196196020864141,B
-8.430286035336463,-3.872689208059013,A
-9.330336977886715,-4.398618535034503,A
-2.8998929727098415,-7.224400874615112,B
0.22139147061847372,-9.781034354629737,A
-1.928763706358212,-8.37633483101096,B
-11.85527170780598,-7.83736070346297,B
4.051933960758793,-7.004319388493189,B
-8.1728779082475,-3.9661453137278424,A
-3.578256148139677,-10.178290801867185,B
-6.216937847842743,-4.726823619600035,A
1.5362444657838752,-9.608048977631766,A
-0.02358421151546697,-8.603546835858497,B
-8.489391462072899,-4.054901799586139,B
-4.78849510999526,-9.563189624431967,B
1.3309345390646987,-9.63245703245771,A
-8.535678333291216,-4.922066365452946,A
1.4744546919912342,-10.186170321242468,A
2.2867536944680573,-9.70753627101766,B
-4.993109929649391,-3.2054972237358705,B
-5.159926669576361,-9.027578239773781,B
-7.5669993243128655,-5.618878128231184,A
0.28811933916505333,-8.735440363604102,A
-9.497749776516507,-4.289906430023124,A
0.6129758844454143,-7.27425583450351,B
-7.825512882795359,-2.9815625954607374,A
-10.112807736408854,-5.579176470488079,B
-10.921868097935745,-6.577075796383906,B
-8.25727482588776,-4.612485581029854,A
-7.075653528137203,-4.286936404139252,A
0.5717117628931776,-8.996291634201837,A
-2.7215472557483675,-6.147015029862738,B
-9.001098944138562,-5.722478168462777,B
-4.207151525364214,-11.180348547820731,B
2.8808714262211526,-8.596398670562925,A
-14.699971468507078,-6.632660664638793,B
-5.395683228864099,-4.660573460019606,B
-5.992216535368447,-10.29477856038235,B
-0.9001792725000062,-4.75767745661477,B
-0.21039868662337913,-8.488812014785456,B
-0.8894562821992742,-6.508930403231722,B
-9.041604958867236,-1.8364214665074785,B
-9.143436803292424,-4.8603354417048,A
-4.789663008241453,-12.490812251402149,B
-7.007259821512909,-2.428897078336136,B
0.6672028312382858,-7.8183018686812655,A
-2.863221431150972,-6.622927773907123,B
0.08831482014184,-8.335455573172776,A
-10.377090874234616,-4.6942105201633115,A
-10.051565311328233,-4.951249437439975,A
-11.526111178591012,0.32725608535680095,B
-8.556332757035651,-4.384672099226297,A
-5.474832730312781,-4.976807711429253,B
-9.294243880779533,-4.2874729044460125,A
1.6498033099551301,-10.515582518059238,A
-7.685368209169091,-5.843428968986508,B
2.604350547536754,-10.305558808173332,A
1.0162232085223266,-13.258906260960188,B
-3.339618707311478,-8.228295412518356,B
-7.643853320720243,-5.609115190455771,A
-3.7635668801712834,-7.181375447943282,B
-9.271732694066447,-2.5992752728452224,A
-10.518869120231349,-4.938114918677665,A
-14.93254255061253,-4.981478279716018,B
-10.386545388287841,-5.023423005657964,A
0.7158354374322045,-5.035366195329527,B
-4.488067490955741,-12.783163146502979,B
-5.57982537410656,-6.626169682998756,B
-8.361964588599053,-5.811174764087543,A
0.18081643021641008,-8.50014311279098,A
0.20182354771225608,-8.221107051489025,B
-5.773209662649789,-4.151923269709327,B
-7.833069535162445,-6.005203104839331,B
-9.705195800330102,-3.4711381248284985,A
0.02581679787020541,-9.63949019474477,A
-9.041097404564987,-5.2873891437813025,A
-8.146671939703918,-4.179869108917428,A
-7.69188558355915,-10.42917288052215,B
-9.496711192741161,-4.929909351121067,A
-0.5381635473317568,-7.790004865276577,B
-7.588600911182029,-5.486053197439821,B
-5.023167920394932,-7.022624536270363,B
-1.1792413120483762,-5.757193171076911,B
-4.746561434843753,-3.221438254901238,B
-10.799375752788048,-8.348572547403869,B
-6.48859401314763,-9.272962833205332,B
-5.488287128334524,-10.487418060953397,B
-8.910632053472012,-3.662367807578712,A
-11.148560183246147,-8.732214280508078,B
-0.5705011110269405,-8.243903289027898,A
-1.389665988240672,-6.047855370072532,B
0.963813954809531,-9.818138228694409,B
-8.1208364937479,-5.260311640690481,A
-1.093025137056761,-10.48231827854382,B
-5.001854318995245,-14.247156755805708,B
-10.835016114670502,-4.892067538676109,A
-7.563019310067464,-5.716282390171117,A
-0.4830524822800033,-9.92279739306919,B
-5.435899470490299,-3.688270040121871,B
0.19016162734464612,-8.491490542468584,A
4.071680207869974,-6.3260953516771465,B
0.9250424228471295,-9.129695944425395,A
-12.004672381699223,-11.74072530740791,B
0.4936145826932511,-8.841417968786283,A
0.48700502750866936,-8.449615033424747,A
1.1848669851392692,-6.325275515417828,B
-0.38343785758709625,-4.6183273090984915,B
-8.381992894970468,-4.537743933853124,A
-9.710835859939243,-4.7177339752071275,A
-8.672911265158037,-4.317040824146808,A
-0.3426563605244627,-9.509075845705446,A
1.1764496597220155,-8.784270749558758,A
1.2227525850990344,-7.8028450521686965,A
-5.884642385335856,-8.742377071078009,B
-0.15117263481219845,-9.065271478199216,A
-8.447594077137445,-3.589725414696805,A
-0.3165395162878939,-10.281879480564509,B
0.29245060078465085,-7.34038656898552,A
-4.472867631418483,-9.373989562909268,B
-7.450504786913099,-4.548875345756928,A
-5.771634646800615,-5.145391787310649,B
-1.3580862015397783,-4.315791081841092,B
-0.4912712512261326,-5.878264030129953,B
-0.30292604034110227,-6.4545737412842445,B
-7.387663782950147,-8.253145507141207,B
1.7026839059371106,-5.880570469152861,B
0.8086119159782903,-7.633804277706667,A
-3.0007593463785582,-6.040277043642087,B
-8.640980079104047,-4.162206478419296,A
-7.394316764968416,-4.843557402600734,B
-9.205069058686638,-4.1980670831588345,A
-8.30269951927858,-3.952733141167206,A
-0.26149776261580127,-8.725663877875622,A
-11.096229280419687,-6.938607573440193,B
-0.09532549762793108,-9.669044488431203,A
-3.9298394720468317,-6.220695415058609,B
0.4270827957041776,-9.284760968599059,B
-8.710377421535142,-5.498041827437378,A
-4.6991608011371975,-6.088903035332866,B
-8.239903911423612,-3.3347695636948984,A
-12.57173793560752,-4.947812959433298,B
0.08665876077476908,-9.172538008798615,A
-8.297543900492533,-8.356600374860314,B
-2.925919535724187,-2.2944436190720134,B
-8.92029692749306,-4.622777289735047,A
-9.248128303145617,-13.34713003490507,B
-1.0514824196775001,-9.326428314551107,A
-6.8446322829767094,-11.494464620788442,B
1.1797910885234248,-4.89429872862466,B
-1.8949109977495149,-10.31398746987899,B
-8.091027541362838,-11.19529044806477,B
-2.1444549200483465,-13.374638986356903,B
0.04105352117997224,-8.344687274083437,A
0.5466940347965501,-9.426529832108718,A
-3.2768815087933234,-7.224704888839418,B
0.12725517581667672,-7.138589628007563,A
1.555539995054112,-9.846410873600012,A
-2.4846928253335756,-7.369803391619834,B
0.40808817459901053,-8.534058613349949,A
-7.80129420230626,-8.543416673869302,B
1.0034177587604276,-8.942854552916092,A
3.908849732626886,-11.035071092743573,A
-4.576579793817241,-5.093755217611552,B
1.322053462104728,-8.146724103322875,A
-8.371631972927302,-4.441310643401248,A
1.2919226819526664,-11.461852114966039,A
1.4282139866949919,-8.443293243946155,A
-7.1285886191712455,-6.683099687253782,B
-9.74963122087448,-11.492953438577784,B
-10.901174913807594,-5.147037761910118,B
3.4544490496589444,-10.173692187962441,A
0.9729808236924771,-9.826895968750147,A
-10.708042001682832,-3.6042450028733017,A
1.3245278455321254,-9.65251833274625,A
0.5450004095181166,-9.694872399030112,A
-4.688223703567877,-8.099051663144705,B
-9.587242231046535,-5.530234722882663,A
-8.328565888811646,-2.058978910125116,A
-7.407055457875597,-8.509025572681487,B
0.8367097774643022,-8.166478090337753,A
0.6807436735551837,-6.065771825678228,B
-1.2245019978603056,-3.746806175426152,B
0.10338906491864613,-8.969132957271743,A
0.45243300969502886,-8.860712011262343,A
-9.642314878023297,-4.772341414761432,A
0.5783019777035602,-7.206487612497114,A
1.2454718121508837,-7.644199659332931,A
-0.9085796480016155,-5.168289147722817,B
-0.33041704287492457,-9.189417551497725,A
-7.879325584542439,-9.961745477724612,B
-11.361581557973434,-3.7906594063505605,B
-2.250271342276285,-2.288604389853056,B
1.5504505657244971,-9.625484045751847,B
3.1825666285613634,-3.1770513061049805,B
-3.0539722656569976,-10.63415171877541,B
0.05784803371451286,-6.191150304061006,B
-1.4577424371038576,-10.314767230502845,B
-9.508769734021715,-5.591294324267176,A
-1.4630222947841585,-6.3242645077352115,B
-16.783348544124394,-5.821474455527286,B
-1.0536631888686707,-3.652095794887563,B
-9.520382122632808,-5.756140788741023,A
-8.308298388099821,-6.841074259862273,A
-13.571137662421322,-5.78464806802313,B
-3.0919056537297043,-8.633495609648145,B
0.6123506479204898,-10.333020463420436,A
2.3658944034891904,-5.640261793766258,B
1.2124269784393866,-9.91642497647473,A
-1.5572175733758589,-6.709085195067131,B
-8.317707842379631,-5.690884059650491,A
-8.402660358950879,-9.688320900162793,B
-0.3890548011902569,-10.194281246786826,A
0.25944944529999947,-9.373097882333948,A
0.3472954467042113,-1.720614668666574,B
1.0080750312140228,-10.069485003256679,A
-6.088797740759286,-5.507020422964212,B
0.6373854274912509,-11.033202607084922,A
-9.361074344897835,-4.753713938131816,A
-6.348342963384137,-9.55480562586201,B
1.019789254941256,-9.530915619485326,A
0.30799230342236233,-7.376006519666504,A
-8.720067695388805,-3.3161586307512376,A
-5.3880300592587735,-9.135426274557993,B
0.746665367028917,-8.196049545916326,A
-0.34642368457478145,-3.737854074627588,B
0.8972571714451791,-9.954417799034216,A
-9.74092851943391,-5.661559932597774,A
-0.49282762229239996,-11.263821915321504,A
-8.991977018031534,-2.3535161526038118,A
-0.18877387281427527,-10.912730314325131,A
-11.397439417973374,-3.6867883795983336,B
-3.3788511748935974,-8.016720930552026,B
-10.462301043315644,-8.551986947806384,B
-9.679134461745129,-8.706398092543607,B
0.9600337901929596,-8.981522237241153,A
0.07696122325522126,-6.026065392121519,B
-10.186543678275761,-5.473285282612233,A
-4.944228510597976,-5.9306652676761775,B
-7.876000707347513,-4.4424845984594,A
1.366343538724671,-9.162379583267223,A
-3.0313402804320546,-9.398808496010547,B
-6.19193541176636,-7.395108000740276,B
0.057026934717130384,-9.276931190014002,A
-7.993312789756843,-6.056371019165849,A
-7.275945858060366,-9.861880482344313,B
-8.763977620967513,-4.5642502893266785,A
-14.03015138573848,-2.566212515879263,B
-9.314181040786261,-4.328983553775734,A
-0.7245619626324311,-8.814617513445164,A
0.6207573186866012,-9.585499872771672,A
3.9610018989756117,-10.633776934170921,B
-7.78391325332818,-5.574217182836206,A
-7.309023642153405,-4.588423126477515,A
2.17847423408454,-11.756049091919579,A
-0.31753612201995496,-9.730114395669577,A
0.05041190032234866,-7.670689792162111,B
-0.43893226406180896,-11.663024336607759,A
-10.503186951212111,-6.813398112228765,B
-4.36603511039194,-6.298576130645029,B
-5.963634901234458,-11.670517699825307,B
0.9109535140602447,-10.277552280211939,A
-9.019639777607956,-5.686028878351199,B
-0.9709454874008925,-5.512660535184288,B
1.913851316026462,-11.286757086000442,A
-8.11803359058311,-4.1683259321926425,A
1.4419531609382499,-9.588283635251608,A
-0.4165048510901199,-8.697805242593288,A
5.489627000801363,-2.498404225121874,B
4.151275733693735,-9.525886872678978,B
-7.091420882612558,-9.265529303614322,B
-8.021261033136366,-9.161940276176114,B
-0.2390398345412562,-7.70160916424752,A
-12.860468758328949,-4.4919943500335755,B
0.7820230090042172,-9.553038131588915,A
-3.1249335563269423,-4.865537209491565,B
0.3068941033441127,-8.4350456460849,A
-9.835349752412663,-3.660917292178427,A
0.5798245773741326,-8.245510515911057,A
-8.823976678947737,-3.9259138454862383,A
-6.891243601568437,-8.050158596704582,B
0.3669384485110331,-8.42714429645719,A
-0.5436073108418795,-2.5790428766334523,B
-8.89827501541566,-5.051720939316877,A
0.9219810643234614,-10.746437812640563,A
-9.04982515864157,-5.091359747244531,A
-8.523761538322063,-4.906730523518198,A
-2.6270193619454005,-9.078035226354107,B
-7.58658927988641,-8.973495613998669,B
-11.304762271234742,-11.022143765527659,B
-10.486250087306022,-5.213187131391098,A
-9.579747786966236,-2.8697278799958643,A
-0.5728697045559765,-5.945103229637152,B
-0.694135029638578,-6.338210631709032,B
0.8565088163437915,-2.390547474162073,B
0.050516494434919346,-9.489668875897719,A
-8.41198754195328,-9.847308941112829,B
0.6554722763978265,-9.72799732045511,A
-2.470690745751357,-8.976618626346335,B
-8.235388454865223,-4.75823033290629,A
-7.6644232038384565,-5.140721059100948,B
-9.48471428650494,-4.584428719491919,A
1.494086535622982,-10.14624772402542,A
-14.795565976529186,-6.720867832173698,B
-5.805207235523593,-4.664098383578645,B
0.26744356352129667,-7.7179825300331455,A
-2.819567248437032,-5.842648875620397,B
-8.110502791108633,-3.6813955244552297,A
-7.828293856674862,-5.867935693865637,A
-9.520588774244711,-5.5337366918821465,B
-0.058402890445528655,-9.93494816060576,A
-7.2422431948900945,-6.055922062285354,B
2.487235132593488,-9.26182945037863,A
-6.2580463843405765,-13.888053488861715,B
-2.332843093180963,-8.562101832730306,B
-8.414975006990478,-3.554610690396808,A
-8.28200836763276,-3.7749163845403255,A
1.111742538657646,-8.628942910371439,B
-6.402969104858352,-8.033419704252433,B
1.4595107804513974,-9.306224679480154,A
-7.134617696672562,-11.454185037997878,B
1.557618636103991,-9.014203357720598,A
-12.477660377570436,-7.282877288625259,B
-0.2518805267047215,-6.33002115275177,B
-1.6297578767657384,-5.9077147666319725,B
-3.3144914489265673,-6.619766426696401,B
-3.3322946125237696,-4.927761866363686,B
-8.049006563079267,-10.786240234051196,B
-4.658991975474651,-4.183345690457154,B
-9.166243157340908,-4.76939942398102,A
-6.769279041601126,-3.302359942271717,B
-7.7864466063175435,-3.4674102149261095,A
-11.738179630588867,-5.550530454075561,B
0.6747780797879822,-10.007381289058443,A
-7.235231368841419,-10.87346680570093,B
-7.4948844630745635,-3.409233356636547,A
-1.006203142652479,-8.42026273112299,A
-7.442662912267133,-2.6604563753887254,A
-11.436351116021621,-4.202900282722667,A
0.21343637389627007,-10.53573243859407,A
-0.8219489276543266,-2.7657385806580708,B
-10.73069381172649,-6.47026354254695,B
3.107848188262052,-9.00295271625501,A
-10.166307528314446,-5.83756800693166,B
-10.51579778198079,-9.413295499178574,B
-8.981251259729508,-3.6352001171187736,A
-0.5173811241462625,-9.818421347019402,A
1.4882005646671184,-9.782687472041403,A
-0.9393231465559158,-9.675696840217892,A
-0.2390575546754682,-10.860586793270727,A
2.9521949178986286,-9.122502564508888,B
2.03601472111899,-8.158211527110975,A
1.701701034448166,-11.346607078948491,B
-9.70408762349858,-6.232522957215572,A
-7.583820676412056,-5.042086103399601,A
0.4391154549244984,-9.365679747543611,A
1.57466050248416,-8.459305087443203,A
-9.388193241629196,-3.510344036573226,A
-7.365176539750782,-4.942189380665184,A
-1.850284071202564,-9.22423460240528,A
0.7810348902187478,-9.920228338226888,A
-9.192053953078915,-4.2461824427158925,A
-1.4837474370772141,-6.728157095173857,B
-7.085951957243798,-3.4065812261748096,A
-1.917915176540296,-5.970954106033098,B
-9.981774772084691,-8.568455161225007,B
-2.5257252063643882,-9.146434326408691,B
1.2682919877008778,-10.510201937583947,A
-8.299803496124495,-5.227038042472771,A
-10.204776567674136,-4.839652496375038,A
-8.191488268127037,-8.64665750657548,B
-8.682870187863397,-4.81584713297076,A
-1.3960146148050967,-7.921291167416439,B
-8.596519671040937,-5.205645289925895,A
-0.4495834180827849,-8.776412575912286,B
-11.37956093327771,-5.425440407085063,B
-4.258861461567565,-4.516884065908708,B
-6.4280080269832105,-5.137521808770522,B
-1.1614453585263709,-3.2815015694960064,B
-4.048760550550504,-6.4264031202495415,B
1.142996367892922,-8.686798138320038,A
-8.96887715996863,-7.163652001520669,A
0.48928232994866233,-10.119151122823633,A
-10.99987186293935,-6.019719201384333,B
-0.9410125276705066,-4.407848586531688,B
-8.114693957037593,-6.280893960806318,A
0.4955359779177583,-9.290086870026268,A
-3.601137148132393,-9.7218864893213,B
-8.2423871598452,-6.054116370556585,A
-10.013889942524322,-5.780691195931384,A
-8.002231748850596,-2.500923617655906,A
-4.037519601339635,-6.953346100788265,B
-9.276847946198512,-8.25027613461509,B
-3.88797920784714,-6.544771344228145,B
0.7714388017067335,-8.813805711304644,A
-7.855373025969738,-3.152273480179049,A
-6.754620889429267,-6.585190461787116,B
0.65442750461135,-8.742378955020682,A
-10.684636411657848,-4.058978377436249,B
-1.9738805768961556,-11.949278433002618,B
1.0365790914080355,-8.606942206765972,B
-8.629455844205644,-6.420138702227598,A
-5.293712724486595,-6.918002934408305,B
-8.26200426080317,-8.254670466427285,B
0.173427008348361,-8.356483632005308,A
0.7647160562328494,-8.357543322901563,B
-1.704351929838987,-8.147190029038477,A
-8.41964891829579,-4.224210747533363,A
-1.8654019735834444,-10.446348561906472,A
1.7712925618782878,-3.4481871211841835,B
-6.937886409864113,-3.825699669093073,B
1.7344168015890622,-4.315848645299217,B
-4.430900901795268,-7.524737827790075,B
-9.711246826733408,-5.521567803478965,A
-0.449471061473218,-9.725003844349862,A
-0.08598367525781547,-7.856064667563624,A
2.0465213692649527,-8.68704223481654,A
0.45646500913269805,-9.838526750641888,A
2.768687679297013,-6.471337291851391,B
0.3858799318042214,-4.907879561188247,B
-9.896921773289803,-2.9031839914143482,A
0.6265390027537769,-6.201877428380773,B
2.272192249267906,-9.976626334432876,A
-4.02596463957919,-7.384066999843972,B
0.5259664704678176,-9.232544370270494,A
4.012231754286029,-9.756054182236028,B
-0.3644984443612147,-8.16379554286525,A
1.386100722176332,-9.121418383408388,A
-12.95388542079978,-2.968134891173318,B
0.6902239067979892,-7.233614328729559,A
-4.6941663863310925,-11.967951489252933,B
0.326627411378184,-7.266617677895756,A
-0.7769839190293428,-3.848896848489041,B
-2.9702857844046333,-9.969046068734116,B
-8.614017517510815,-5.142374612953021,A
-10.31736881986139,-5.727422271145655,A
-7.88786836748117,-8.588756393784244,B
1.3642873567608036,-9.02420530695241,A
-8.083827965420785,-5.455524994547934,B
-3.0054718531190048,-6.35814898772067,B
-2.9492763698567344,-7.2255222708737765,B
-12.02883489558619,-7.932579987894087,B
0.7652252473588537,-8.53954284799106,A
2.026603017026569,-7.326970706350025,B
1.2553799510359358,-9.51115381814132,A
0.07645934143522648,-9.996594730058762,A
-5.104901437184096,-11.226916015076956,B
-10.15582403726813,-4.358375113571936,A
-0.0479032714072104,-8.483827899938925,A
-0.7025730708445188,-10.415893183224973,A
-3.6875673202836623,-10.432745679465246,B
-5.8958664623344905,-7.475794611098435,B
-6.94062959659853,-11.95533340952016,B
-9.011177263229198,-3.284710201168255,A
-8.155518521683108,-6.702105835852774,B
-2.4227829421641296,-4.170196819763398,B
1.4057796292014297,-9.880337321916356,A
-8.422377991286552,-6.395844625810376,A
-3.8175707275072748,-10.223597022171075,B
-9.349993073719512,-6.022763107002277,B
4.215954864176327,-9.10724773540212,A
-11.17554513711933,-4.707814949374631,B
2.35475185490787,-5.63212878944176,B
-2.1984398627200754,-6.440707295184047,B
-0.6266776965771061,-2.911061858455322,B
-8.161980931892757,-3.8889131440298224,A
-3.972050072029101,-3.8016453366989746,B
1.093494655394915,-7.808957053360804,A
0.4609906082988188,-9.556183084863202,A
7.14233950863121,-7.413801524578173,B
1.3175812582191484,-10.192872724336526,A
-6.638720857518463,-9.180416949037305,B
-5.458987126844738,-7.672956011125742,B
-1.6857914488157055,-5.372992817014275,B
-0.7047017847956698,-5.753272306444796,B
0.7161794259927596,-10.160298991628808,A
-11.89401756393797,-4.158713746094996,B
-11.64170972350309,-5.104547029435117,B
-8.858907089067781,-7.391803520174564,B
0.39856421996646907,-9.851789956422884,A
2.1587981652157007,-7.39448783786881,B
-6.211534445133456,-2.8852888939507313,A
-9.861995910709004,-4.2894607028227965,A
-0.6406223682639471,-8.22941871104229,A
-9.087159214583952,-3.4423601479914927,A
0.030478397230030818,-8.82294044050635,A
8.126461146230492,-6.595257012803943,B
-0.1554726200672354,-7.416732245219281,B
-1.9439877221912543,-5.712148516997214,B
1.0835518513474254,-12.116848562313338,B
-8.699833442287883,-5.914051793852895,A
-8.016732917913387,-3.0897296945472013,A
-7.903696625722867,-5.144040350854402,A
-8.208867589290023,-4.305322068352766,A
-7.862164993751583,-4.4150225491490875,A
-8.4238938426342,-6.113523157456465,B
0.6394300563262036,-10.387633037323948,A
-0.9651368762913268,-9.7000109164891,A
-10.429564444738174,-10.85209073900149,B
0.29632766242027675,-8.484664182407982,A
0.033683017897287115,-9.341950564396702,A
4.1448801741917265,-5.67239699324952,B
1.3059129081067047,-7.941989498786204,A
-8.421761666263903,-4.2866165018774645,A
-5.893929530307892,-8.168385592592292,B
-9.309729150837965,-3.107149144881398,A
-15.400600815744353,-7.0446831961327225,B
-8.283411036387168,-4.912830439494546,A
-2.9603820241584318,-5.881135564717731,B
-8.146371970607706,-3.734970155052623,A
-1.9580617128460416,-7.403432188818525,B
1.1035266833790014,-10.002452779602503,A
-8.978215959083633,-5.1161067061962,A
-6.667893522995447,-5.831149162875691,B
-10.040677212066635,-5.254170360199405,A
-3.9639043591063254,-12.790479491177123,B
-0.6333467891668976,-8.900505142752216,B
-4.511011467027975,-9.37378515926634,B
-9.671730050356647,-8.456812093633378,B
-10.613792462063536,-6.4250820204915176,B
9.152600121192277,-3.067173168584737,B
-5.429877535197219,-3.6536958591276303,B
-7.6046604789146475,-8.180426679671944,B
-9.692076086828415,-3.923102393411731,A
-8.49831764244893,-2.432232306160455,A
-3.279580165412688,-6.92367816770917,B
-8.961480752106077,-5.927722225035316,A
-4.711949039857841,-5.543456208069562,B
-5.968545561448014,-11.148276841917092,B
1.5524587927511695,-9.51104332617944,A
-2.3072515347262135,-9.344789483426384,B
2.245339559563792,-4.57248336036222,B
-14.093079827729852,-7.438029664963442,B
-2.173900768472386,-9.721077199072866,B
0.9388047605922438,-9.191533252520259,A
-1.5084682323131,-6.522226336277666,B
-10.218357398426004,-5.021767631175946,A
-8.69240408146796,-3.345917859136554,A
-8.205028387277297,-7.318241727240315,B
-2.2376313772016427,-7.055879642786595,B
-8.648062635412566,-6.036183051028539,A
-3.797987478549431,-4.556089532907909,B
-10.829648902600374,-4.424970524172279,A
0.9084926720356181,-7.594042893421745,A
-11.213496969264883,-4.873545746494013,A
-9.712361574490767,-3.9004825879122844,A
-6.9857567174738575,-6.000321280029143,A
0.022689530738843333,-10.138689203908784,A
-9.654431790531975,-2.4259663184655187,A
0.4870394924422536,-10.754783732430388,A
0.43976389342145145,-9.165487762079314,A
9.721319025462662,-4.427345790848831,B
-0.46113342323634654,-10.163194539529343,A
1.489079482298106,-8.962762499231081,A
-8.567103020152233,-4.024292388370728,A
4.193584435951326,-4.914426298283523,B
-3.583597368648545,-8.491284521454801,B
-1.8897848609297134,-4.3747854044122825,B
0.3299279152667283,-9.685669616340222,A
-7.43250581231395,-5.559279183580583,A
1.1314556719433728,-9.480665129437181,A
-0.024853716726258135,-7.982188956433086,B
-6.388907029185574,-2.2117301158222062,B
-7.123340533491884,-6.8951792093182585,B
-7.281328048479864,-6.074140674942773,B
-3.6980475561615687,-8.323556469927036,B
-7.400475795530686,-3.8560092628495295,A
-10.1866147287552,-4.676954325913053,A
2.154219507872634,-7.983698633064034,A
-2.1858052303057622,-11.328496128005431,B
-10.925436655288795,-4.703748156954726,B
-1.543827377531239,-8.380896342769567,A
-1.2069303539897693,-7.432332495683319,B
0.9998732534118115,-9.091969498060923,B
-7.516991953820812,-8.970219322041803,B
4.044873190107255,-11.411962053581213,B
-7.437004039959493,-3.9656266196066228,A
-9.341610073347683,-8.836816097048395,B
-5.952520756529666,-5.2533994749923565,B
-8.012188246856748,-3.145156887048124,A
-0.6139536509756363,-9.212761793774957,A
-7.49823720307857,-10.990101319421925,B
-8.01281029559904,-4.809993260311814,A
-5.371415813277434,-7.770626785160553,B
-8.563779618899103,-3.9140040179717177,A
-6.135112963305286,-3.8389995741890277,A
-3.964268849948865,-11.270651625972278,B
-4.001435741630744,-3.4523596697433825,B
1.1285015313013496,-9.93003920722286,A
-4.039664803560112,-4.5348965102240015,B
-0.25649717320634036,-7.95707593932276,B
-1.606576777731982,-9.778630887139272,A
-8.182026679820192,-4.980608001879944,A
0.25755027223596483,-8.084775644215213,A
-7.603864406260858,-5.868155433273846,A
-10.433550581782114,-5.76895693172769,A
-10.850503018537186,-8.561308102684654,B
-2.2743875028569205,-6.427206067662493,B
-10.760622358558992,-3.746563126873306,B
-2.973861066705116,-1.4979328225638033,B
-1.421034323285585,-8.530295856672966,A
-8.974704648354436,-5.568712912981432,A
0.8263513869099045,-8.0309858857227,A
-2.490132196109966,-2.2448716803835236,B
1.9576044887356348,-8.504924369212512,A
-12.253029249381509,-6.745961793672857,B
-1.7677950283825328,-6.490922496113702,B
-1.6544754242207809,-8.37439934734859,B
-9.4700244955168,-5.523784537172089,A
-9.87250283770574,-4.936931633785669,A
-3.588874535347383,-3.6579723260659462,B
0.46685980123919973,-11.381658969716744,A
-10.775272075372914,-6.736174883632574,B
1.2092891786345668,-8.230302456481958,B
9.07581973304826,-5.387862823561025,B
-8.071641260581812,-3.4234301126652436,A
0.5286806222229099,-9.596460347922328,A
0.3527847186069002,-10.510878800592021,A
-9.659399080576632,-4.777272384606279,A
-8.02709589340169,-5.697950743817277,A
-5.460275820414703,-8.370870411134073,B
-8.50853319314526,-3.1205543910535827,A
-1.389228863898353,-6.508470468747398,B
-0.6704230030574938,-6.152883778894652,B
-10.40763565347669,-5.865583502264853,B
1.1364794071144706,-10.078954511915128,A
-8.92934239023509,-4.806593690940524,A
-3.7858958041096074,-5.248667408469736,B
-10.177997384126716,-5.1321272200957,B
-5.712879289405689,-8.088771908991472,B
1.3372837688858539,-8.036287476571108,A
-5.909940146628923,-7.016136657244851,B
-6.384072559476639,-6.2748690644546805,B
-0.4644787097934745,-7.9959825099373205,A
0.36317075138200394,-2.25636059279714,B
-0.08524397670252404,-9.057597183722496,A
-9.612369010103363,-3.986657062741971,A
-10.213529766308381,-4.375540509376096,A
0.20614766604384865,-10.275664548584002,A
-7.815609501598734,-7.484757667946175,B
-1.6980119942897702,-7.063559618265563,B
-9.716942742039588,-4.068537298643069,B
-10.323501956959099,-4.628775568354345,A
-7.9045748325058485,-4.499700789957738,A
-0.7945628872201245,-8.408739043439601,A
-0.6112115166560976,-9.313010220832902,A
0.706609959763599,-10.70606223699584,A
-9.337755401358464,-6.559515580417188,A
1.1997303673098698,-9.496819223506826,A
-0.012708433295178567,-9.258888857939644,A
-1.0978865620726483,-6.710520961484688,B
-3.9810628512168855,-7.528751420932011,B
-9.718623056862262,-10.993803308415107,B
-4.615653349518519,-8.54815884547808,B
2.6606930688996018,-5.372740256792316,B
2.672656308315819,-5.85219787325514,B
-0.9791088188594208,-10.505054903869517,A
-8.911033612560887,-6.012990211630223,A
0.6755941012082181,-9.072429137553499,A
-0.010201901208246655,-8.723904365941808,A
-10.424083176994046,-8.165595169515605,B
0.16900362785609424,-3.9579158142999726,B
-2.6451267637930056,-10.955673246540455,B
-3.5481900987084347,-5.933495610027392,B
1.0713504540883565,-9.189019666010985,A
0.31313026622717643,-7.508860102755277,B
0.8850465925055218,-8.437413216363783,A
2.6034325000495144,-4.423212066340541,B
-9.46296850408355,-5.003778393136004,A
0.5678743722243951,-10.337258074535882,A
-5.5553052984044955,-2.3812674851472897,B
3.4653690184386123,-3.6680460176336607,B
-4.52366712572392,-10.625791107847341,B
-3.494411716293972,-9.068689696099163,B
-9.441189199959894,-5.559907465509482,B
-8.28882957842695,-6.445133874989974,A
-8.73270860001707,-3.201652658127702,A
-6.925541151169494,-9.000825240720697,B
0.27587679549849975,-7.895135775724684,A
-3.8448537116456216,-8.284693437902247,B
-6.635747626957681,-3.5824489253543255,A
-0.08533942636049052,-8.925974175793671,A
-9.413255395196826,-6.212984777395505,B
-0.9342384488944813,-8.359584594583705,A
-7.823327240777389,-5.321689844491877,A
-8.176853901117468,-1.813947520180064,B
-8.115593031880918,-5.3852520081647075,A
-7.863402356101664,-4.904471483112438,A
4.438118771842479,-8.055411119542356,B
-8.5423892064277,-6.122239041805602,A
-11.32361159249139,-6.513030192511163,B
-0.6659325853908242,-9.166463044017457,A
-9.24751753031074,-9.601225038195492,B
-14.101314132481946,-4.896074887342406,B
-9.773307076490035,-8.74183323757749,B
1.6001451509281694,-9.834515205097329,A
0.8393221031345477,-8.926716246116566,A
-0.5797572835784417,-9.67638362581569,A
-0.6437793031606942,-9.025658905759695,A
-9.334094815833634,-4.863946054392642,A
-2.0197610600799396,-7.6928473427516355,B
2.2572442527618692,-8.245460297548643,A
0.28324797578266364,-8.263725354698412,A
-2.2579960359248608,-6.098976855104146,B
-8.324700479829284,-4.825817035677724,A
1.3040512526476928,-10.910015237372534,A
-7.576157966670991,-5.38717564221885,B
-6.4415678054798065,-9.007214163221755,B
-10.031487362903487,-4.006081183447327,A
-7.783802954284438,-4.248588266075639,A
1.259323596163608,-8.019150265025113,A
-9.324308344031607,-3.475136839913849,A
-2.428981910519253,-11.084253231367207,B
-2.047016835898744,-10.27580948011343,B
-6.413268774903611,-4.146969565773901,A
-9.379072123260295,-7.922379341456334,B
-8.242124707588054,-4.991148295591776,A
-9.157256042822764,-3.2524498812159903,A
-9.259462062486493,-4.59020502650875,A
-5.9381483157842645,-1.5469633364811752,B
-0.460271403314262,-9.90723976932773,A
0.6971541148846161,-8.677737934361032,A
0.8463637197738538,-11.312827195474,A
-10.597757089599602,-3.203583067102609,A
0.14273369194523633,-8.232351307313944,A
-0.4457277599591185,-3.710321542752389,B
-7.173161457891253,-8.325065789652356,B
-4.802230695977245,-8.820450310578506,B
-6.5103665618732265,-11.571414846973205,B
-7.952104727687387,-4.840866873693505,A
-9.2876303833291,-3.860591161303762,A
-3.9966801830376903,-6.839229371050525,B
-2.8091643263048636,-8.51955011211555,B
-7.071086128963513,-7.514061838943887,B
0.06478768427267045,-7.128705246843978,B
-9.154042638037769,-3.606782095376353,A
-2.7129371885081204,-3.853441581591798,B
2.6164001062140434,-5.749490913713151,B
-3.5760509794447253,-8.714806375061386,B
-10.006665286577157,-13.91094873954333,B
-1.215893504936133,-9.395486877210455,A
-8.887542059242726,-5.045953817449521,A
-1.8458288964522578,-9.695691782370588,B
-3.6787150711437193,-2.6126662512371936,B
2.079245800230722,-6.76998265453211,B
-6.4233291844787725,-2.965328861652086,A
-7.57512794841639,-5.508916108183679,A
-4.323923204350252,-2.2929128463462645,B
-3.1261197543527333,-3.0822544907540412,B
-5.491852406225625,-6.284537649433212,B
1.3960502164406186,-8.842652296090204,A
1.0237482399514422,-7.141508418650707,B
1.1765089245911624,-10.455063804927843,A
-8.493913068319255,-6.370957431678005,B
-8.903448072294065,-5.128966870678898,A
-3.020559932966008,-4.029601226934734,B
0.36751920787608494,-4.5559119342658505,B
-0.5799128563821121,-7.60087582706546,B
-9.448472410897528,-4.325615548511662,A
-4.656581580083584,-9.068500290448739,B
1.2754336422878612,-9.729909081909941,A
-7.759754254718816,-4.019189530494882,A
0.5564468860931884,-7.972999398930515,A
-7.4008247458072445,-5.685054441134179,A
-2.4721163828257304,-7.992831913151695,B
-2.2240636342277353,-9.965938639744095,B
-0.8737732087149597,-8.96415684501952,A
0.7966999421079664,-7.37435521259341,A
-8.38788052407252,-5.124794305527095,A
-9.49975938874066,-3.1248477078722168,A
1.6916215255164184,-4.925376537591802,B
-0.8535025894238024,-7.2996240477623555,B
-14.866139524510421,-5.572109396799541,B
-6.36114027440334,-3.6514445016901385,B
-10.139796359185752,-4.039634132568877,B
4.998797646780581,-7.869288733914393,B
2.9198958953100087,-3.7727932474307835,B
-5.870957567209809,-5.816411058679556,B
-5.783740612890236,-9.054798371720347,B
-8.80602439598857,-5.338206050435282,A
-7.382702983540961,-5.404674193353691,A
-1.3539007034865285,-11.97648868113701,A
-6.252839285325301,-9.01043490096085,B
9.589566054081132,-7.394565980203488,B
-8.315635090717889,-3.7999165177576004,A
-9.015171457492404,-4.52831980594305,A
0.9540882905686997,-9.481260586840925,A
0.3071574183571336,-9.66874780109545,A
-12.29520481477439,-8.297851063129368,B
-10.538768508722733,-3.558224199198503,A
-0.8043177226129095,-9.854325725424951,A
-8.661995786001087,-5.738220752931335,A
-8.455745972368344,-4.481042003798116,A
-8.677850204319373,-2.677041133454758,A
-3.5901159390344937,-9.066047264897957,B
-8.882241847858959,-2.5717022362035693,A
0.17682802376681067,-9.239830819068285,A
-0.38111086532694827,-9.879405672726726,A
-9.386177659200609,-4.651044327034846,A
-8.368880787279055,-4.935715548760301,A
3.4723816163456194,-4.561950877885934,B
-0.4839481399274512,-9.026848548825601,B
-7.755835600406678,-2.8309006803453904,B
-5.0190551597612885,-0.5236168947228617,B
1.8812100252001593,-8.464886374794826,A
-1.5378881827855664,-7.91116225171162,A
-9.430844071486863,-5.645033823428999,A
1.8113098204341735,-5.98008387795419,B
1.2382751617259773,-7.019818089217888,B
-3.141972496937756,-5.1528443516696205,B
-1.9200552741826842,-6.09114893620711,B
-8.75483835217146,-4.214338412274403,A
-1.170741179932441,-11.214788142444437,B
-3.987600764671258,-7.365863399066735,B
-9.264487903483767,-3.7672620996452557,A
-5.767716532648085,-3.8446795572546235,B
-6.787145482826562,-3.621097327349572,B
1.837762555864223,-10.691519573544369,A
-8.207110509439204,-5.092241068018555,A
1.2586481158909528,-3.1591466040350613,B
-9.659165563674733,-9.449621043690277,B
3.2560044048859753,-2.7759161235645307,B
-8.891277808781322,-5.7701089225929225,A
-8.815334089292492,-5.6625527084941485,A
2.549705031361536,-5.416246632667409,B
-9.534953183190652,-2.7384379806238446,A
0.541636663653383,-9.205583655862014,A
0.46590089867785306,-11.122866457398025,A
-1.2956336834803714,-9.682497128011748,B
-9.645502281053453,-3.793214274695054,A
-9.473080767846055,-4.361792973949838,A
-9.258420997876259,-4.961972278758561,A
-11.210652450719575,-5.328879050810915,B
0.3799053482369977,-8.51502973131916,A
-5.366548880604396,-5.842318622476244,B
-8.692911561119672,-4.1772870747321305,A
2.6295025162474257,-10.510162373045508,A
-5.343549711735745,-3.5615157963951076,B
1.3316096125800747,-10.335732509256486,A
-4.503672799849689,-1.4924634875704035,B
0.4912443389812102,-8.735751401291482,A
-8.94155475841657,-9.282513172081167,B
0.7363516734681805,-6.727281497071514,A
-1.4104431660478647,-6.5384518289080535,B
-6.262038518575517,-8.58357304329925,B
-9.516292362342705,-4.12077325816804,A
-4.12002883910014,-7.632922125600589,B
-1.1573861197366435,-4.080231336782381,B
0.8323211983443031,-9.495361206611515,B
-8.6357585248232,-5.206695629674703,A
1.2299106774824478,-9.60622129203342,A
-3.4102325129879034,-7.854924549402515,B
-2.307738375771329,-4.095023784133659,B
0.40722776894127594,-10.331772278418134,A
-10.556295366349111,-4.7175075136762965,A
-9.044256854714579,-5.081953158678866,A
-4.59163514607236,-5.677576860030003,B
-4.235473547729208,0.3949932599455117,B
-12.002016863899463,-6.166659910727752,B
0.13527072112555916,-9.927102151252837,A
-4.303570472781919,-10.715936780737533,B
-6.102523131026746,-4.871922544621952,B
-1.9294005569795227,-7.611719128370057,B
-0.541509980926652,-10.516234671633194,A
-1.3248709021698784,-8.504435729166454,A
-13.722293416869727,-3.2129032440715966,B
-8.976972060417735,-5.5161599206746255,A
-1.1468960303622944,-3.1072768205050125,B
0.07924166206070515,-8.032718074340558,A
-4.513318796730033,-10.160290723407108,B
-10.459697121391315,-5.36502266461556,A
-1.4069879638829348,-7.456984129361921,B
2.0052570703781223,-8.946702942747361,A
-9.010299253042007,-4.461738672966704,A
-8.399350982132095,-4.577397921369708,A
-12.443038037501175,-7.149133702297389,B
0.4501578970712421,-11.22327551666243,B
-8.318169617810016,-4.565207631918596,A
-9.647749411105432,-5.09561865872686,A
-9.063042860467402,-5.893518602376648,A
2.2680992638312043,-9.151396490501169,A
0.538617726470469,-9.030902367601872,A
-7.213093140710782,-4.225452928178861,A
-8.48196550093611,-4.6597829623814295,A
2.33888313736061,-6.924945433690599,B
-5.597304942592805,-8.094472626074088,B
-0.36636859346594175,-7.4173743451471035,B
0.8129530977412467,-10.601993754669348,A
-10.162779725741876,-4.613802463594625,A
-5.889919621305097,-3.4249697736421374,B
-12.019518484172487,-4.742992700559704,B
-8.084492818233539,-4.355134841682787,A
-7.485160155559912,-2.0376753109448478,B
-3.850573833002455,-10.018388896644227,B
-6.762760460176443,1.4671656439008736,B
0.31552757203481097,-5.549563746513239,B
0.41803359965256315,-10.14341458905007,A
-4.99346510401803,-4.896784672181344,B
0.8213788570813048,-2.7237047683986013,B
0.2612066512348745,-8.20124917656543,A
1.4039915615758907,-8.353930882871326,A
1.5560433275757009,-9.271229753686525,A
-4.969745551644581,-4.869007362679843,B
-1.7404266872050216,-2.2979108960069716,B
-8.138870844694676,-4.446175891076513,A
-9.31035636735426,-5.077311122982038,A
-2.3912077306863146,-6.309525065038616,B
-5.744907726814573,-5.681650295564151,B
0.2800541625780174,-9.554147406077737,A
-9.937290841114583,-4.763899209825356,A
-9.646830061782815,-6.622546055028635,B
-6.532203312881684,-4.93742992092974,B
-8.225181214129384,-6.42829937476668,A
-5.680303210990384,-9.674442680595435,B
-1.113783197332661,-7.764043610334574,B
-5.2623135049739815,-10.338432486570907,B
-9.174035005340587,-5.417874555386405,A
0.5061142105635964,-9.530759884496403,A
-0.3378614234677655,-8.476556618662695,A
1.4742370025299305,-9.48189602538996,B
-4.461933354118862,-9.874724539991565,B
-0.08250718579177274,-5.383837670923149,B
-9.244079684035203,-3.659400011090888,A
-6.397710170935326,-3.083867775048586,B
1.795389131394071,-8.131230475004568,A
-0.5981663310571954,-4.4825789454682585,B
0.9372832721718068,-9.742645354458181,A
-0.889095890146598,-9.359339609495121,A
0.008501688084323222,-8.71652677422813,A
1.2926254656065232,-11.285072937359377,A
-8.738485433230098,-3.15424510865245,A
-8.337051561632178,-4.885974842222213,A
-0.5761078553010202,-9.029730465755422,A
-4.506080420586804,-4.079172392770497,B
0.10439996098148535,-9.156094124075551,A
-0.11048229064160786,-10.775237273761544,B
-0.20064814990417812,-9.668869017865829,A
-4.715645394933561,-6.532581430984587,B
-8.948009065691677,-5.075052932239378,A
-10.017477305064052,-6.292021648159409,B
-0.46587719070197164,-9.913084600953914,A
-12.857272586792869,-7.628788565352859,B
-10.42102122422537,-5.365793391071068,A
-0.23463378762837994,-9.93109406372496,A
-9.616920186803892,-7.018166056703753,B
-7.976879648872985,-5.352818599634292,A
4.859388978557471,-10.975090125136,B
-7.576213064922502,-3.6755495203660953,A
-4.973868031964132,-8.45073665290576,B
-11.66910931417631,-7.084486077795119,B
1.285188061932483,-9.244580938759883,B
-8.133501279337016,-5.121706027193328,A
-8.808027290017058,-4.430706768146938,A
-7.955905926615363,-5.494787306738733,B
-8.088909226303585,-3.778640603438925,B
-7.403057617548324,-6.366211021082398,B
-12.166947874070093,-8.06795154994315,B
-3.851155928569556,-6.344314184478642,B
-0.552391609378058,-9.548001180103547,A
-9.597867803504291,-4.393229694244047,B
-9.217230673222748,-5.141306362023435,A
-8.225777920687388,-7.179078560806357,B
-0.4684627228462216,-10.589155525762445,A
-9.409114211020093,-5.282340051370392,B
2.3537669976274875,-9.262268798379282,A
1.3449332292726195,-8.21436132467511,A
-13.0954443046851,-9.25738814548079,B
6.039853442427116,-6.790326003858816,B
-11.212627040330894,-9.71150313125733,B
-1.1572510580773758,-6.8862668611648274,B
0.8556352029592349,-9.28975356220131,A
-9.573585199448846,-3.776948706056819,A
-8.556105685034975,-6.154597794822796,A
-2.1169310240449013,-10.99675134788414,A
-4.200687394351032,-6.014682574160106,B
-1.1269818344342055,-4.246291082318018,B
-0.4022254235258015,-7.455532759955216,A
-1.9589153566963478,-3.2353045573431265,B
-8.40612745790164,-4.1463943666223795,A
0.5355478426111949,-10.021012277643804,A
-9.67329836953742,-4.388349104497043,A
-10.549080116486035,-4.166419683384306,A
0.28768997510004324,-7.89687508317991,A
-8.595048498738988,-3.6739561757669152,A
1.2891906735476004,-7.176689794237495,B
-8.78787341045868,-2.941911590835284,A
0.9964286956084515,-8.286763863802266,A
1.928354712244584,-9.07423340621392,A
-0.7745036153826153,-12.341330146241111,A
-8.929942327695,-6.79006652756312,A
-8.01001079802452,-3.7556451091777228,B
-8.334525041300571,-4.182459481390478,A
-0.4834589562539344,-8.39890945921054,B
-8.570122162780596,-4.252363348501963,A
-2.6170227133986987,-6.556644127716833,B
-2.1557609952211525,-7.958251884484747,B
-0.7979681287929941,-3.319136191756339,B
-9.184094869841632,-5.4019446759111345,A
-1.7158686444181566,-7.706559182925149,B
-2.5157042343304585,-3.9669128044452884,B
0.4276123139635226,-4.626747259605427,B
-4.359149000688977,-6.6547093199494896,B
-6.961164146587298,-5.402914516002729,A
-7.648611363495791,-4.745625354384972,A
-4.7545509226817595,-6.621661602711324,B
-2.6846773249626352,-8.521036482474631,B
-1.253926316233978,-4.768883196392057,B
-8.224594808382925,-6.064919363823013,A
-5.959601433951182,-9.094466841040717,B
0.7154798741940174,-9.774925385500289,A
0.5531380420000502,-1.5571224141763471,B
-1.988908107624503,-10.653878409832632,B
1.5940325162573528,-5.959463682184751,B
-0.25545727325150047,-9.177307499975415,A
-2.7215017207695706,-7.0198570046872115,B
-0.7623399567360061,-8.368363407496544,A
-10.070191497889654,-5.236058996952357,B
-0.973503567501018,-9.63154400914058,A
-6.588694103210955,-5.2406143449214335,A
-10.008992141476694,-5.069033143910847,A
6.671618893560982,-9.199529305617174,B
1.4322731634605699,-7.139522577105237,A
0.8731208590593642,-6.62671247938956,B
0.9077367966792602,-9.374261329104776,A
-0.8522123007618554,-9.681559887281013,A
0.8006852777924393,-10.003379555612007,A
-6.12011717460038,-8.00891334752389,B
-6.235267334874084,-3.540613815639418,B
-7.822100493440841,-5.214604402533789,B
-8.578812264465602,-4.894597039030849,A
-7.329397699913892,-7.774336425159457,B
-0.9022164592293516,-6.788436377661195,B
-10.349882082368914,-3.2838160245597448,A
2.4112773144162905,-7.95272485636665,B
-6.300599462032053,-4.664878488146684,A
-8.338643111177323,-7.465811887254298,B
-10.396687484346781,-8.271917207612399,B
-9.234204402182394,-5.745461565350915,A
-1.5934224496509373,-3.7528347940540314,B
-9.619760736253596,-3.4025274592557313,A
-9.00379706932748,-2.616177943693496,B
-8.091742149006846,-3.7959150800634966,A
-0.057033776801579616,-9.126898019464663,A
-10.341867374907041,-3.35202112719614,A
-3.216828779919209,-8.265464481904447,B
-4.358158464233113,-8.093691298141973,B
-2.2638121284488726,-2.59972281266933,B
-5.626410156231877,-5.607004659025318,B
1.1638709023623877,-7.882533660752952,A
-3.64230295105552,-5.643809639396759,B
2.254368946987647,-5.175288150173363,B
-0.7395651205139455,-7.966638219843216,A
0.851991906034389,-8.558800252110812,A
0.352878691449086,-6.065013012332581,B
-4.64448491049929,-4.68151994292398,B
-0.6899832398861236,-9.536003555640374,A
-4.812637222069637,-6.152466453623929,B
-9.946014172131433,-6.083331491277954,A
-6.591476862972906,-6.1606094238961475,B
2.311946251889222,-15.041451970701972,B
-8.023528865912798,-7.628359808676898,A
0.1860366792777981,-8.485584884681373,A
-5.779455238963808,-6.095505557157239,B
0.7192656609877988,-9.01296143426574,B
-0.023975123142965682,-9.027150576852549,A
0.6944785752934642,-10.207310876248577,A
-6.3335289064712486,-1.1823501518023596,B
-5.763985566281547,-7.368009370696675,B
-1.2133525195791508,-10.14195079247003,B
-4.605957498850224,-4.884809846899751,B
-7.262380533442622,-11.10508812228516,B
0.38276124192894356,-9.685031466479716,A
0.5668343931234971,-10.151284232497806,A
-0.550851370362818,-5.69659693235252,B
1.1897883059668994,-9.356086907385826,A
4.880387940674121,-9.205221199826218,B
-8.01265891996921,-4.77930397498443,A
-9.133754516843803,-5.11581329653291,A
-6.959731133815918,-4.8243710517745795,B
-8.211964661033521,-3.69807182648872,A
2.453004001263859,-5.285686094990291,B
0.2601033319716341,-8.689704797845357,A
0.5734511035219523,-4.349902597555646,B
-9.07718352837897,-9.874739832827185,B
-10.89175662764849,-4.601234824585912,A
-7.603410303919569,-4.0232725446405295,A
-0.2082164396288403,-9.764852783803713,A
-4.819375103306394,-6.417165517358576,B
-0.8854594143580903,-9.828056566203925,A
0.4971786061234555,-10.08043320987584,A
-10.559681151806135,-8.129522748867082,B
-12.021219510525894,-11.721541491444263,B
-7.954427503004586,-5.97842175266132,A
0.6292496384746595,-9.075733616764584,A
